ParticipantID,Order,TrialNumber,StartingObject,TargetObject,Status,Time
401,1,19,Well,Table,Success,12.36172
401,2,22,Mailbox,Bookshelf,Success,10.66749
401,3,20,Well,Piano,Success,14.65063
401,4,14,Telescope,Wheelbarrow,Success,7.985922
401,5,7,Plant,Trashcan,Success,22.41074
401,6,23,Chair,Piano,Success,11.72616
401,7,21,Mailbox,Trashcan,Success,13.59852
401,8,24,Chair,Trashcan,Success,12.35449
401,9,18,Harp,Telescope,Success,6.998751
401,10,10,Bookshelf,Plant,Success,12.77601
401,11,1,Stove,Well,Success,15.22048
401,12,15,Wheelbarrow,Mailbox,Success,23.02701
401,13,4,Piano,Harp,Success,8.05131
401,14,6,Table,Chair,Success,9.017736
401,15,3,Piano,Mailbox,Success,13.04853
401,16,13,Telescope,Well,Success,9.190071
401,17,11,Trashcan,Telescope,Success,9.941744
401,18,9,Bookshelf,Stove,Success,18.74738
401,19,5,Table,Bookshelf,Success,8.524899
401,20,16,Wheelbarrow,Plant,Success,17.27558
401,21,12,Trashcan,Table,Success,12.95079
401,22,8,Plant,Harp,Success,7.626545
401,23,17,Harp,Stove,Success,9.023987
401,24,2,Stove,Wheelbarrow,Success,9.31057
402,1,9,Bookshelf,Stove,Success,13.33237
402,2,4,Piano,Harp,Success,14.44571
402,3,15,Wheelbarrow,,Failure,30
402,4,12,Trashcan,Table,Success,6.898315
402,5,14,Telescope,,Failure,30
402,6,22,Mailbox,Bookshelf,Success,8.742416
402,7,11,Trashcan,Telescope,Success,8.504087
402,8,10,Bookshelf,Plant,Success,7.380728
402,9,21,Mailbox,Trashcan,Success,8.349586
402,10,24,Chair,Trashcan,Success,5.518724
402,11,19,Well,Table,Success,8.302389
402,12,3,Piano,Mailbox,Success,12.39443
402,13,17,Harp,Stove,Success,10.17315
402,14,20,Well,Piano,Success,6.942831
402,15,6,Table,,Failure,30
402,16,8,Plant,Harp,Success,8.683071
402,17,2,Stove,Wheelbarrow,Success,6.08593
402,18,18,Harp,Telescope,Success,6.544722
402,19,5,Table,Bookshelf,Success,4.875914
402,20,16,Wheelbarrow,Plant,Success,12.09952
402,21,1,Stove,Well,Success,11.18777
402,22,23,Chair,Piano,Success,13.91582
402,23,13,Telescope,Well,Success,6.777464
402,24,7,Plant,Trashcan,Success,9.350807
403,1,19,Well,Table,Success,15.98202
403,2,11,Trashcan,Telescope,Success,10.35025
403,3,12,Trashcan,Table,Success,8.96818
403,4,7,Plant,Trashcan,Success,10.20567
403,5,21,Mailbox,Trashcan,Success,8.805861
403,6,17,Harp,Stove,Success,9.436003
403,7,9,Bookshelf,Stove,Success,7.37912
403,8,6,Table,Chair,Success,9.557037
403,9,13,Telescope,Well,Success,10.17119
403,10,22,Mailbox,Bookshelf,Success,8.195665
403,11,2,Stove,Wheelbarrow,Success,10.9666
403,12,8,Plant,Harp,Success,8.455185
403,13,18,Harp,Telescope,Success,7.561804
403,14,1,Stove,Well,Success,10.3165
403,15,4,Piano,Harp,Success,10.98207
403,16,3,Piano,,Failure,30
403,17,10,Bookshelf,Plant,Success,8.19099
403,18,24,Chair,Trashcan,Success,12.46334
403,19,14,Telescope,Wheelbarrow,Success,8.417891
403,20,5,Table,Bookshelf,Success,8.074694
403,21,20,Well,Piano,Success,8.45599
403,22,16,Wheelbarrow,Plant,Success,5.862751
403,23,15,Wheelbarrow,Mailbox,Success,8.803535
403,24,23,Chair,Piano,Success,11.12162
404,1,21,Mailbox,Trashcan,Success,9.883072
404,2,5,Table,Bookshelf,Success,9.426716
404,3,13,Telescope,Well,Success,7.610432
404,4,6,Table,Chair,Success,8.934931
404,5,3,Piano,Mailbox,Success,8.36245
404,6,20,Well,Piano,Success,5.919701
404,7,18,Harp,Telescope,Success,7.929096
404,8,19,Well,Table,Success,9.556658
404,9,8,Plant,Harp,Success,5.278246
404,10,4,Piano,Harp,Success,4.856365
404,11,16,Wheelbarrow,Plant,Success,3.752787
404,12,9,Bookshelf,Stove,Success,4.890989
404,13,1,Stove,Well,Success,8.141039
404,14,22,Mailbox,Bookshelf,Success,5.919039
404,15,11,Trashcan,Telescope,Success,5.669527
404,16,17,Harp,Stove,Success,6.390503
404,17,2,Stove,Wheelbarrow,Success,26.96444
404,18,15,Wheelbarrow,Mailbox,Success,4.699579
404,19,12,Trashcan,Table,Success,11.10275
404,20,10,Bookshelf,Plant,Success,8.06488
404,21,23,Chair,Piano,Success,8.01899
404,22,24,Chair,Trashcan,Success,5.987169
404,23,14,Telescope,Wheelbarrow,Success,5.052843
404,24,7,Plant,Trashcan,Success,8.455477
405,1,13,Telescope,Well,Success,12.49779
405,2,9,Bookshelf,Stove,Success,10.11722
405,3,21,Mailbox,Trashcan,Success,13.1342
405,4,6,Table,Chair,Success,11.40588
405,5,18,Harp,Telescope,Success,7.06988
405,6,17,Harp,Stove,Success,10.87497
405,7,16,Wheelbarrow,Plant,Success,7.313324
405,8,12,Trashcan,Table,Success,8.474691
405,9,2,Stove,Wheelbarrow,Success,8.00654
405,10,1,Stove,Well,Success,10.78796
405,11,22,Mailbox,Bookshelf,Success,11.51535
405,12,24,Chair,Trashcan,Success,6.467278
405,13,11,Trashcan,Telescope,Success,7.412628
405,14,10,Bookshelf,Plant,Success,8.174265
405,15,3,Piano,Mailbox,Success,13.8773
405,16,19,Well,Table,Success,9.14315
405,17,8,Plant,Harp,Success,9.326193
405,18,5,Table,Bookshelf,Success,11.85394
405,19,15,Wheelbarrow,Mailbox,Success,6.607616
405,20,7,Plant,Trashcan,Success,10.56117
405,21,20,Well,Piano,Success,14.62641
405,22,4,Piano,Harp,Success,7.131483
405,23,14,Telescope,Wheelbarrow,Success,7.138411
405,24,23,Chair,Piano,Success,9.191359
425,1,15,Wheelbarrow,,Failure,30
425,2,16,Wheelbarrow,Plant,Success,12.61364
425,3,9,Bookshelf,Stove,Success,23.58645
425,4,22,Mailbox,Bookshelf,Success,14.89856
425,5,23,Chair,Piano,Success,17.06438
425,6,1,Stove,Well,Success,17.44703
425,7,10,Bookshelf,Plant,Success,11.80328
425,8,20,Well,Piano,Success,10.01523
425,9,17,Harp,Stove,Success,12.21649
425,10,11,Trashcan,Telescope,Success,15.06505
425,11,2,Stove,Wheelbarrow,Success,22.78289
425,12,21,Mailbox,Trashcan,Success,19.91999
425,13,19,Well,Table,Success,29.69106
425,14,8,Plant,Harp,Success,21.70953
425,15,13,Telescope,Well,Success,9.523737
425,16,14,Telescope,Wheelbarrow,Success,18.03217
425,17,3,Piano,Mailbox,Success,19.06232
425,18,4,Piano,Harp,Success,16.7076
425,19,12,Trashcan,,Failure,30
425,20,6,Table,Chair,Success,23.13795
425,21,24,Chair,Trashcan,Success,17.60119
425,22,18,Harp,Telescope,Success,14.904
425,23,5,Table,Bookshelf,Success,21.44269
425,24,7,Plant,Trashcan,Success,13.63247
426,1,24,Chair,Trashcan,Success,26.76865
426,2,21,Mailbox,Trashcan,Success,12.41544
426,3,23,Chair,Piano,Success,20.95143
426,4,20,Well,Piano,Success,11.44992
426,5,4,Piano,Harp,Success,9.884169
426,6,17,Harp,Stove,Success,23.7718
426,7,7,Plant,Trashcan,Success,19.28951
426,8,6,Table,Chair,Success,17.2404
426,9,16,Wheelbarrow,Plant,Success,10.58298
426,10,8,Plant,Harp,Success,22.53104
426,11,1,Stove,Well,Success,26.59872
426,12,2,Stove,Wheelbarrow,Success,10.6276
426,13,3,Piano,,Failure,30
426,14,12,Trashcan,Table,Success,25.73172
426,15,15,Wheelbarrow,Mailbox,Success,12.41619
426,16,13,Telescope,Well,Success,27.79565
426,17,5,Table,Bookshelf,Success,11.50082
426,18,11,Trashcan,Telescope,Success,13.87234
426,19,10,Bookshelf,Plant,Success,16.1417
426,20,19,Well,Table,Success,13.13564
426,21,9,Bookshelf,Stove,Success,14.18049
426,22,22,Mailbox,Bookshelf,Success,27.65065
426,23,14,Telescope,Wheelbarrow,Success,10.80963
426,24,18,Harp,Telescope,Success,14.65757
428,1,22,Mailbox,Bookshelf,Success,13.39784
428,2,16,Wheelbarrow,Plant,Success,17.35741
428,3,3,Piano,Mailbox,Success,15.77836
428,4,1,Stove,Well,Success,10.52782
428,5,7,Plant,Trashcan,Success,12.24859
428,6,4,Piano,Harp,Success,8.859711
428,7,12,Trashcan,Table,Success,8.185129
428,8,23,Chair,Piano,Success,10.096
428,9,20,Well,Piano,Success,8.465071
428,10,6,Table,Chair,Success,10.67715
428,11,8,Plant,Harp,Success,10.68873
428,12,13,Telescope,Well,Success,8.373049
428,13,2,Stove,Wheelbarrow,Success,8.273455
428,14,19,Well,Table,Success,9.143929
428,15,15,Wheelbarrow,Mailbox,Success,6.913258
428,16,14,Telescope,Wheelbarrow,Success,10.64999
428,17,10,Bookshelf,Plant,Success,9.299526
428,18,18,Harp,Telescope,Success,7.740854
428,19,24,Chair,Trashcan,Success,6.87538
428,20,9,Bookshelf,Stove,Success,7.785126
428,21,11,Trashcan,Telescope,Success,7.762854
428,22,21,Mailbox,Trashcan,Success,8.919725
428,23,17,Harp,Stove,Success,9.179615
428,24,5,Table,Bookshelf,Success,6.496162
429,1,23,Chair,Piano,Success,29.65914
429,2,6,Table,Chair,Success,24.8378
429,3,16,Wheelbarrow,Plant,Success,27.9259
429,4,11,Trashcan,Telescope,Success,20.28855
429,5,15,Wheelbarrow,Mailbox,Success,20.45612
429,6,22,Mailbox,Bookshelf,Success,15.9716
429,7,24,Chair,Trashcan,Success,27.21477
429,8,18,Harp,Telescope,Success,20.70459
429,9,12,Trashcan,Table,Success,13.89424
429,10,1,Stove,Well,Success,14.53566
429,11,19,Well,Table,Success,13.16226
429,12,20,Well,Piano,Success,16.11511
429,13,3,Piano,Mailbox,Success,16.44772
429,14,9,Bookshelf,Stove,Success,21.06248
429,15,10,Bookshelf,Plant,Success,16.22562
429,16,7,Plant,Trashcan,Success,15.491
429,17,21,Mailbox,,Failure,30
429,18,17,Harp,Stove,Success,17.23656
429,19,13,Telescope,Well,Success,11.12826
429,20,5,Table,Bookshelf,Success,9.589947
429,21,2,Stove,Wheelbarrow,Success,19.81083
429,22,4,Piano,Harp,Success,15.95443
429,23,8,Plant,Harp,Success,11.49542
429,24,14,Telescope,Wheelbarrow,Success,9.861408
430,1,11,Trashcan,Trashcan,Failure,6.152447
430,2,7,Plant,Trashcan,Success,17.45824
430,3,18,Harp,Telescope,Success,11.57952
430,4,22,Mailbox,Bookshelf,Success,15.27813
430,5,17,Harp,Stove,Success,13.75523
430,6,1,Stove,Well,Success,13.03618
430,7,5,Table,Bookshelf,Success,10.55488
430,8,15,Wheelbarrow,Mailbox,Success,8.429264
430,9,4,Piano,Harp,Success,11.33411
430,10,24,Chair,Trashcan,Success,11.78998
430,11,21,Mailbox,Trashcan,Success,11.64439
430,12,9,Bookshelf,Stove,Success,14.90203
430,13,16,Wheelbarrow,Plant,Success,9.961641
430,14,20,Well,Piano,Success,9.295849
430,15,2,Stove,Wheelbarrow,Success,18.0417
430,16,12,Trashcan,Table,Success,18.6585
430,17,23,Chair,Piano,Success,8.961266
430,18,8,Plant,Harp,Success,8.229475
430,19,19,Well,Table,Success,12.32468
430,20,6,Table,Chair,Success,13.74958
430,21,14,Telescope,Wheelbarrow,Success,11.3671
430,22,10,Bookshelf,Plant,Success,11.38391
430,23,3,Piano,Mailbox,Success,15.92524
430,24,13,Telescope,Well,Success,11.01869
406,1,14,Telescope,Wheelbarrow,Success,24.44519
406,2,19,Well,Table,Success,17.41039
406,3,3,Piano,Mailbox,Success,14.47312
406,4,12,Trashcan,Table,Success,10.74485
406,5,6,Table,Chair,Success,10.81149
406,6,22,Mailbox,Bookshelf,Success,9.013088
406,7,23,Chair,Piano,Success,16.00758
406,8,7,Plant,Trashcan,Success,12.40525
406,9,1,Stove,Well,Success,10.00144
406,10,21,Mailbox,Trashcan,Success,8.92804
406,11,9,Bookshelf,Stove,Success,7.719433
406,12,2,Stove,Wheelbarrow,Success,14.18205
406,13,16,Wheelbarrow,Plant,Success,7.002584
406,14,11,Trashcan,Telescope,Success,12.99894
406,15,4,Piano,Harp,Success,6.541183
406,16,5,Table,Bookshelf,Success,5.738726
406,17,24,Chair,Trashcan,Success,5.378433
406,18,20,Well,Piano,Success,7.204887
406,19,10,Bookshelf,Plant,Success,8.982382
406,20,8,Plant,Harp,Success,6.752474
406,21,17,Harp,Stove,Success,10.06201
406,22,13,Telescope,Well,Success,8.734362
406,23,15,Wheelbarrow,Mailbox,Success,6.007008
406,24,18,Harp,Telescope,Success,8.019487
431,1,24,Chair,,Failure,30
431,2,21,Mailbox,Trashcan,Success,23.63484
431,3,16,Wheelbarrow,Plant,Success,20.29066
431,4,17,Harp,Stove,Success,19.79949
431,5,7,Plant,Trashcan,Success,16.94688
431,6,1,Stove,Well,Success,13.59343
431,7,18,Harp,Telescope,Success,16.12579
431,8,8,Plant,Harp,Success,9.618214
431,9,20,Well,Piano,Success,17.69942
431,10,2,Stove,Wheelbarrow,Success,10.82856
431,11,22,Mailbox,Bookshelf,Success,15.07142
431,12,9,Bookshelf,Stove,Success,13.50657
431,13,15,Wheelbarrow,Mailbox,Success,17.53584
431,14,13,Telescope,Well,Success,17.40598
431,15,6,Table,Chair,Success,12.70738
431,16,23,Chair,Piano,Success,16.79249
431,17,14,Telescope,Wheelbarrow,Success,11.99399
431,18,3,Piano,Mailbox,Success,18.10332
431,19,4,Piano,Harp,Success,13.27583
431,20,11,Trashcan,Telescope,Success,14.23645
431,21,5,Table,Bookshelf,Success,24.13445
431,22,19,Well,,Failure,30
431,23,10,Bookshelf,Plant,Success,19.47689
431,24,12,Trashcan,Table,Success,17.51198
432,1,8,Plant,Harp,Success,12.61647
432,2,9,Bookshelf,Stove,Success,8.678944
432,3,17,Harp,Stove,Success,13.71371
432,4,10,Bookshelf,Wheelbarrow,Failure,7.352057
432,5,3,Piano,Mailbox,Success,14.56978
432,6,14,Telescope,Wheelbarrow,Success,18.01333
432,7,20,Well,Piano,Success,26.49161
432,8,16,Wheelbarrow,Plant,Success,7.962133
432,9,22,Mailbox,Bookshelf,Success,11.83597
432,10,13,Telescope,,Failure,30
432,11,6,Table,Chair,Success,13.82856
432,12,12,Trashcan,Table,Success,10.04038
432,13,24,Chair,Trashcan,Success,17.81518
432,14,1,Stove,Well,Success,13.08915
432,15,19,Well,Table,Success,11.58167
432,16,2,Stove,Wheelbarrow,Success,10.33987
432,17,18,Harp,Telescope,Success,9.033962
432,18,7,Plant,Trashcan,Success,13.41225
432,19,15,Wheelbarrow,Mailbox,Success,5.671236
432,20,5,Table,Bookshelf,Success,6.364233
432,21,11,Trashcan,Telescope,Success,11.79466
432,22,23,Chair,Piano,Success,13.63445
432,23,4,Piano,Harp,Success,8.977732
432,24,21,Mailbox,Trashcan,Success,15.19808
407,1,4,Piano,Harp,Success,12.23884
407,2,14,Telescope,Wheelbarrow,Success,10.41596
407,3,1,Stove,Well,Success,8.272778
407,4,23,Chair,Piano,Success,7.566433
407,5,7,Plant,Trashcan,Success,7.774202
407,6,22,Mailbox,Bookshelf,Success,6.563648
407,7,18,Harp,Telescope,Success,5.586317
407,8,2,Stove,Wheelbarrow,Success,6.251801
407,9,20,Well,Piano,Success,6.907249
407,10,6,Table,Chair,Success,8.833317
407,11,8,Plant,Harp,Success,8.812698
407,12,21,Mailbox,Trashcan,Success,7.452034
407,13,10,Bookshelf,Plant,Success,12.52994
407,14,12,Trashcan,Table,Success,10.05253
407,15,24,Chair,Trashcan,Success,4.80699
407,16,17,Harp,Stove,Success,7.674484
407,17,15,Wheelbarrow,Mailbox,Success,5.802767
407,18,13,Telescope,Well,Success,7.007734
407,19,19,Well,Table,Success,7.972902
407,20,11,Trashcan,Telescope,Success,7.221992
407,21,3,Piano,Mailbox,Success,9.895451
407,22,5,Table,Bookshelf,Success,6.853931
407,23,9,Bookshelf,Stove,Success,6.369436
407,24,16,Wheelbarrow,Plant,Success,7.484102
408,1,15,Wheelbarrow,Mailbox,Success,7.973877
408,2,19,Well,Table,Success,11.52323
408,3,11,Trashcan,Telescope,Success,7.450371
408,4,6,Table,Chair,Success,10.10748
408,5,18,Harp,Telescope,Success,5.136999
408,6,16,Wheelbarrow,Plant,Success,5.396013
408,7,5,Table,Bookshelf,Success,4.791962
408,8,13,Telescope,Well,Success,6.311275
408,9,2,Stove,Wheelbarrow,Success,7.491926
408,10,23,Chair,Piano,Success,8.718512
408,11,12,Trashcan,Table,Success,5.974752
408,12,17,Harp,Stove,Success,7.826227
408,13,1,Stove,Well,Success,8.275074
408,14,3,Piano,Mailbox,Success,8.329473
408,15,7,Plant,Trashcan,Success,7.908802
408,16,21,Mailbox,Trashcan,Success,7.290796
408,17,10,Bookshelf,Plant,Success,7.630295
408,18,24,Chair,Trashcan,Success,6.052153
408,19,22,Mailbox,Bookshelf,Success,6.737093
408,20,9,Bookshelf,Stove,Success,6.369846
408,21,20,Well,Piano,Success,7.367645
408,22,14,Telescope,Wheelbarrow,Success,5.907574
408,23,4,Piano,Harp,Success,7.13843
408,24,8,Plant,Harp,Success,5.603617
409,1,9,Bookshelf,Bookshelf,Failure,20.88697
409,2,13,Telescope,Well,Success,28.09491
409,3,16,Wheelbarrow,Plant,Success,23.77666
409,4,15,Wheelbarrow,Mailbox,Success,21.08098
409,5,5,Table,Bookshelf,Success,20.9082
409,6,4,Piano,Harp,Success,21.52016
409,7,6,Table,Chair,Success,19.6186
409,8,22,Mailbox,Bookshelf,Success,10.33876
409,9,24,Chair,,Failure,30
409,10,20,Well,Piano,Success,19.52796
409,11,8,Plant,Harp,Success,8.676025
409,12,12,Trashcan,Table,Success,17.11917
409,13,11,Trashcan,,Failure,30
409,14,21,Mailbox,Trashcan,Success,12.52729
409,15,19,Well,Table,Success,15.36943
409,16,1,Stove,Well,Success,13.39398
409,17,17,Harp,Stove,Success,11.3548
409,18,2,Stove,Wheelbarrow,Success,8.906309
409,19,3,Piano,Mailbox,Success,12.06034
409,20,18,Harp,Telescope,Success,7.075005
409,21,7,Plant,Trashcan,Success,12.2946
409,22,23,Chair,Piano,Success,12.72705
409,23,14,Telescope,Wheelbarrow,Success,8.935167
409,24,10,Bookshelf,Plant,Success,9.828203
410,1,8,Plant,,Failure,30
410,2,7,Plant,Trashcan,Success,26.17657
410,3,17,Harp,Stove,Success,24.3065
410,4,18,Harp,,Failure,30
410,5,10,Bookshelf,Plant,Success,21.11233
410,6,14,Telescope,Wheelbarrow,Success,22.1339
410,7,4,Piano,Harp,Success,12.73726
410,8,12,Trashcan,Table,Success,16.70875
410,9,15,Wheelbarrow,Mailbox,Success,14.67685
410,10,1,Stove,Well,Success,16.14736
410,11,5,Table,Bookshelf,Success,11.23987
410,12,11,Trashcan,Telescope,Success,14.00701
410,13,2,Stove,Wheelbarrow,Success,6.623512
410,14,16,Wheelbarrow,Plant,Success,9.430304
410,15,20,Well,Piano,Success,11.16873
410,16,24,Chair,Trashcan,Success,16.64899
410,17,3,Piano,Mailbox,Success,12.21574
410,18,9,Bookshelf,Stove,Success,12.29416
410,19,13,Telescope,Well,Success,10.46429
410,20,23,Chair,Piano,Success,10.83339
410,21,19,Well,Table,Success,13.04999
410,22,22,Mailbox,Bookshelf,Success,8.789108
410,23,21,Mailbox,Trashcan,Success,21.23868
410,24,6,Table,Chair,Success,14.38281
411,1,21,Mailbox,Trashcan,Success,24.50064
411,2,23,Chair,Piano,Success,16.9252
411,3,3,Piano,Mailbox,Success,11.32771
411,4,11,Trashcan,Telescope,Success,13.44858
411,5,10,Bookshelf,Plant,Success,12.55031
411,6,24,Chair,Trashcan,Success,16.68178
411,7,19,Well,Table,Success,12.38391
411,8,9,Bookshelf,Stove,Success,6.840168
411,9,16,Wheelbarrow,Plant,Success,9.940351
411,10,1,Stove,Well,Success,12.47161
411,11,7,Plant,Trashcan,Success,19.82401
411,12,15,Wheelbarrow,Mailbox,Success,7.44178
411,13,22,Mailbox,Bookshelf,Success,9.60611
411,14,6,Table,Chair,Success,11.98359
411,15,20,Well,Piano,Success,10.8943
411,16,13,Telescope,Well,Success,8.551069
411,17,17,Harp,Stove,Success,10.17245
411,18,18,Harp,Telescope,Success,8.040396
411,19,4,Piano,Harp,Success,16.28033
411,20,5,Table,Bookshelf,Success,7.573156
411,21,12,Trashcan,Table,Success,8.096075
411,22,8,Plant,Harp,Success,7.91835
411,23,14,Telescope,Wheelbarrow,Success,7.063709
411,24,2,Stove,Wheelbarrow,Success,11.20552
412,1,13,Telescope,Well,Success,9.250677
412,2,11,Trashcan,Telescope,Success,8.462833
412,3,2,Stove,Wheelbarrow,Success,6.886271
412,4,19,Well,Table,Success,11.173
412,5,20,Well,Piano,Success,11.3841
412,6,12,Trashcan,Table,Success,8.096445
412,7,10,Bookshelf,Plant,Success,7.985123
412,8,7,Plant,Trashcan,Success,8.08395
412,9,21,Mailbox,Trashcan,Success,8.639576
412,10,22,Mailbox,Bookshelf,Success,8.817621
412,11,23,Chair,Piano,Success,8.451744
412,12,4,Piano,Harp,Success,6.696301
412,13,9,Bookshelf,Stove,Success,8.262712
412,14,1,Stove,Well,Success,16.04795
412,15,3,Piano,Mailbox,Success,10.12871
412,16,24,Chair,Trashcan,Success,7.519386
412,17,16,Wheelbarrow,Plant,Success,11.60557
412,18,5,Table,Bookshelf,Success,9.018082
412,19,14,Telescope,Wheelbarrow,Success,6.675371
412,20,15,Wheelbarrow,Mailbox,Success,11.528
412,21,18,Harp,Telescope,Success,9.972775
412,22,17,Harp,Stove,Success,9.373699
412,23,6,Table,Chair,Success,9.340235
412,24,8,Plant,Harp,Success,7.574631
433,1,24,Chair,Trashcan,Success,8.863619
433,2,6,Table,Chair,Success,16.66875
433,3,11,Trashcan,Telescope,Success,20.00127
433,4,18,Harp,Telescope,Success,13.61565
433,5,10,Bookshelf,Plant,Success,14.4598
433,6,17,Harp,Stove,Success,10.52777
433,7,21,Mailbox,Trashcan,Success,9.440681
433,8,20,Well,Piano,Success,7.473639
433,9,7,Plant,Trashcan,Success,8.562384
433,10,8,Plant,Harp,Success,14.60476
433,11,3,Piano,Mailbox,Success,9.384298
433,12,9,Bookshelf,Stove,Success,6.931196
433,13,12,Trashcan,Table,Success,9.406601
433,14,13,Telescope,Well,Success,10.03903
433,15,1,Stove,Well,Success,11.29549
433,16,2,Stove,Wheelbarrow,Success,5.885984
433,17,22,Mailbox,Bookshelf,Success,11.3492
433,18,16,Wheelbarrow,Plant,Success,7.463869
433,19,19,Well,Table,Success,9.728317
433,20,15,Wheelbarrow,Mailbox,Success,4.942436
433,21,23,Chair,Piano,Success,8.096264
433,22,14,Telescope,Wheelbarrow,Success,16.09238
433,23,5,Table,Bookshelf,Success,6.163416
433,24,4,Piano,Harp,Success,12.62684
435,1,17,Harp,Stove,Success,19.29101
435,2,15,Wheelbarrow,Mailbox,Success,23.35597
435,3,21,Mailbox,Trashcan,Success,8.152563
435,4,2,Stove,Wheelbarrow,Success,26.477
435,5,7,Plant,Trashcan,Success,11.73923
435,6,22,Mailbox,Bookshelf,Success,8.286081
435,7,4,Piano,Harp,Success,9.062895
435,8,8,Plant,Harp,Success,6.974886
435,9,24,Chair,Trashcan,Success,14.35958
435,10,23,Chair,Piano,Success,16.00288
435,11,6,Table,,Failure,30
435,12,3,Piano,Mailbox,Success,14.42645
435,13,16,Wheelbarrow,Plant,Success,9.051352
435,14,9,Bookshelf,Stove,Success,15.48165
435,15,19,Well,Table,Success,8.895151
435,16,13,Telescope,Well,Success,11.70487
435,17,18,Harp,Telescope,Success,8.596449
435,18,1,Stove,Well,Success,13.22743
435,19,11,Trashcan,Telescope,Success,15.38101
435,20,12,Trashcan,Table,Success,21.67899
435,21,10,Bookshelf,Plant,Success,15.14834
435,22,14,Telescope,Wheelbarrow,Success,12.08327
435,23,20,Well,Piano,Success,17.05805
435,24,5,Table,Bookshelf,Success,8.707096
436,1,22,Mailbox,Bookshelf,Success,23.47769
436,2,6,Table,,Failure,30
436,3,16,Wheelbarrow,,Failure,30
436,4,21,Mailbox,Trashcan,Success,23.31074
436,5,5,Table,Bookshelf,Success,16.21489
436,6,7,Plant,Trashcan,Success,22.22271
436,7,20,Well,,Failure,30
436,8,18,Harp,,Failure,30
436,9,10,Bookshelf,Plant,Success,10.84931
436,10,12,Trashcan,Table,Success,27.242
436,11,23,Chair,Piano,Success,19.75801
436,12,14,Telescope,Wheelbarrow,Success,26.34249
436,13,2,Stove,Wheelbarrow,Success,20.7679
436,14,24,Chair,,Failure,30
436,15,15,Wheelbarrow,Trashcan,Failure,23.63308
436,16,13,Telescope,Well,Success,25.20918
436,17,8,Plant,Harp,Success,10.21699
436,18,4,Piano,Harp,Success,16.93681
436,19,1,Stove,Well,Success,13.76109
436,20,19,Well,Table,Success,17.11413
436,21,11,Trashcan,Telescope,Success,12.96087
436,22,3,Piano,,Failure,30
436,23,17,Harp,Stove,Success,14.42623
436,24,9,Bookshelf,Stove,Success,7.874559
437,1,16,Wheelbarrow,Plant,Success,10.82784
437,2,21,Mailbox,Trashcan,Success,10.80684
437,3,11,Trashcan,Telescope,Success,11.00615
437,4,7,Plant,Trashcan,Success,8.984547
437,5,9,Bookshelf,Stove,Success,6.152664
437,6,18,Harp,Telescope,Success,6.562914
437,7,22,Mailbox,Bookshelf,Success,10.25081
437,8,2,Stove,Wheelbarrow,Success,17.22477
437,9,4,Piano,Harp,Success,11.26113
437,10,15,Wheelbarrow,Mailbox,Success,12.96022
437,11,12,Trashcan,Table,Success,15.22597
437,12,20,Well,Piano,Success,14.19286
437,13,6,Table,Chair,Success,10.73954
437,14,19,Well,Table,Success,20.40174
437,15,13,Telescope,Well,Success,24.39876
437,16,23,Chair,Piano,Success,12.98238
437,17,10,Bookshelf,Plant,Success,8.084812
437,18,14,Telescope,Wheelbarrow,Success,22.93293
437,19,3,Piano,Mailbox,Success,10.63971
437,20,8,Plant,Harp,Success,9.628206
437,21,17,Harp,Stove,Success,6.896862
437,22,5,Table,Bookshelf,Success,6.48608
437,23,1,Stove,Well,Success,8.751915
437,24,24,Chair,Trashcan,Success,15.96468
413,1,17,Harp,Stove,Success,14.60475
413,2,10,Bookshelf,Plant,Success,13.3484
413,3,2,Stove,Wheelbarrow,Success,14.66004
413,4,16,Wheelbarrow,Plant,Success,7.89715
413,5,6,Table,Chair,Success,9.673347
413,6,15,Wheelbarrow,Mailbox,Success,5.5305
413,7,21,Mailbox,Trashcan,Success,10.78328
413,8,20,Well,Piano,Success,17.66917
413,9,3,Piano,Mailbox,Success,10.85061
413,10,8,Plant,Harp,Success,8.861805
413,11,24,Chair,Trashcan,Success,6.142464
413,12,14,Telescope,Wheelbarrow,Success,7.418905
413,13,11,Trashcan,Telescope,Success,8.973793
413,14,12,Trashcan,Table,Success,6.873821
413,15,13,Telescope,Well,Success,7.218182
413,16,5,Table,Bookshelf,Success,5.363636
413,17,4,Piano,Harp,Success,7.417841
413,18,18,Harp,Telescope,Success,8.673767
413,19,7,Plant,Trashcan,Success,16.30373
413,20,1,Stove,Well,Success,10.42834
413,21,23,Chair,Piano,Success,9.661638
413,22,19,Well,Table,Success,7.762791
413,23,9,Bookshelf,Stove,Success,6.952383
413,24,22,Mailbox,Bookshelf,Success,7.918802
414,1,11,Trashcan,Telescope,Success,12.66106
414,2,4,Piano,Harp,Success,11.10475
414,3,7,Plant,Trashcan,Success,11.82732
414,4,14,Telescope,,Failure,30
414,5,13,Telescope,Well,Success,11.5946
414,6,22,Mailbox,Bookshelf,Success,14.43739
414,7,20,Well,Piano,Success,8.440964
414,8,10,Bookshelf,Plant,Success,11.05063
414,9,12,Trashcan,Table,Success,10.50599
414,10,6,Table,Chair,Success,7.063511
414,11,2,Stove,Wheelbarrow,Success,12.83815
414,12,3,Piano,,Failure,30
414,13,15,Wheelbarrow,Mailbox,Success,18.19213
414,14,18,Harp,Telescope,Success,7.929371
414,15,1,Stove,Well,Success,27.85377
414,16,8,Plant,Harp,Success,12.80517
414,17,21,Mailbox,Trashcan,Success,11.97287
414,18,5,Table,Bookshelf,Success,9.706802
414,19,9,Bookshelf,Stove,Success,6.997379
414,20,24,Chair,Trashcan,Success,8.195259
414,21,17,Harp,Stove,Success,6.385338
414,22,19,Well,Table,Success,9.195541
414,23,16,Wheelbarrow,Plant,Success,8.851315
414,24,23,Chair,Piano,Success,9.537487
438,1,14,Telescope,,Failure,30
438,2,2,Stove,,Failure,30
438,3,23,Chair,Piano,Success,16.70311
438,4,24,Chair,Trashcan,Success,8.229307
438,5,19,Well,Table,Success,18.3582
438,6,12,Trashcan,Table,Success,22.68959
438,7,15,Wheelbarrow,Mailbox,Success,13.44786
438,8,20,Well,Piano,Success,14.5584
438,9,17,Harp,,Failure,30
438,10,6,Table,Chair,Success,15.64857
438,11,10,Bookshelf,Plant,Success,15.74847
438,12,8,Plant,,Failure,30
438,13,11,Trashcan,Telescope,Success,14.68152
438,14,1,Stove,Well,Success,15.69309
438,15,13,Telescope,Well,Success,9.895512
438,16,21,Mailbox,Trashcan,Success,11.43954
438,17,22,Mailbox,Bookshelf,Success,12.97159
438,18,16,Wheelbarrow,Plant,Success,12.37197
438,19,3,Piano,Mailbox,Success,14.26015
438,20,7,Plant,Trashcan,Success,17.06123
438,21,5,Table,Bookshelf,Success,11.79509
438,22,18,Harp,Telescope,Success,18.05773
438,23,4,Piano,,Failure,30
438,24,9,Bookshelf,Stove,Success,20.54576
439,1,10,Bookshelf,Plant,Success,13.027
439,2,4,Piano,Harp,Success,7.597128
439,3,20,Well,Piano,Success,8.973478
439,4,3,Piano,Mailbox,Success,8.16238
439,5,8,Plant,Harp,Success,8.163635
439,6,2,Stove,Wheelbarrow,Success,9.739319
439,7,1,Stove,Well,Success,8.639803
439,8,5,Table,Bookshelf,Success,8.074236
439,9,24,Chair,Trashcan,Success,12.64452
439,10,17,Harp,Stove,Success,9.995424
439,11,14,Telescope,Wheelbarrow,Success,5.87499
439,12,19,Well,Table,Success,11.62714
439,13,12,Trashcan,Table,Success,8.44125
439,14,21,Mailbox,Trashcan,Success,7.541531
439,15,6,Table,Chair,Success,9.351744
439,16,22,Mailbox,Bookshelf,Success,6.419107
439,17,18,Harp,Telescope,Success,17.126
439,18,11,Trashcan,Telescope,Success,9.318325
439,19,23,Chair,Piano,Success,7.430071
439,20,7,Plant,Trashcan,Success,8.562366
439,21,16,Wheelbarrow,Plant,Success,5.808535
439,22,13,Telescope,Well,Success,6.763645
439,23,15,Wheelbarrow,Mailbox,Success,9.650766
439,24,9,Bookshelf,Stove,Success,6.374994
415,1,23,Chair,Piano,Success,13.60575
415,2,11,Trashcan,Telescope,Success,13.29379
415,3,19,Well,Table,Success,13.1942
415,4,22,Mailbox,Bookshelf,Success,13.1395
415,5,15,Wheelbarrow,,Failure,30
415,6,9,Bookshelf,Stove,Success,8.229565
415,7,24,Chair,Trashcan,Success,11.89373
415,8,18,Harp,Telescope,Success,8.040836
415,9,13,Telescope,Well,Success,7.953012
415,10,14,Telescope,Wheelbarrow,Success,8.595659
415,11,16,Wheelbarrow,Plant,Success,8.629538
415,12,2,Stove,Wheelbarrow,Success,7.273939
415,13,5,Table,Bookshelf,Success,5.874352
415,14,4,Piano,Harp,Success,11.20545
415,15,21,Mailbox,Trashcan,Success,9.429485
415,16,20,Well,Piano,Success,8.274054
415,17,12,Trashcan,Table,Success,6.986137
415,18,10,Bookshelf,Plant,Success,13.81543
415,19,6,Table,Chair,Success,10.12811
415,20,3,Piano,Mailbox,Success,22.15615
415,21,17,Harp,Stove,Success,10.67199
415,22,8,Plant,Harp,Success,9.750622
415,23,7,Plant,Trashcan,Success,11.74995
415,24,1,Stove,Well,Success,11.10633
416,1,15,Wheelbarrow,Mailbox,Success,25.19881
416,2,16,Wheelbarrow,Plant,Success,8.83976
416,3,17,Harp,Stove,Success,16.35796
416,4,13,Telescope,Well,Success,12.06109
416,5,1,Stove,Well,Success,10.41746
416,6,24,Chair,Trashcan,Success,8.429485
416,7,14,Telescope,Wheelbarrow,Success,10.30686
416,8,5,Table,Bookshelf,Success,10.65082
416,9,10,Bookshelf,Plant,Success,9.017664
416,10,11,Trashcan,Telescope,Success,12.90528
416,11,9,Bookshelf,Stove,Success,8.306799
416,12,19,Well,Table,Success,13.72748
416,13,8,Plant,Harp,Success,7.88575
416,14,7,Plant,Trashcan,Success,11.42739
416,15,22,Mailbox,Bookshelf,Success,8.295282
416,16,6,Table,Chair,Success,10.43917
416,17,4,Piano,Harp,Success,10.38378
416,18,3,Piano,Mailbox,Success,11.96159
416,19,21,Mailbox,Trashcan,Success,9.318253
416,20,20,Well,Piano,Success,13.761
416,21,18,Harp,Telescope,Success,9.073408
416,22,2,Stove,Wheelbarrow,Success,15.00487
416,23,23,Chair,Piano,Success,10.66184
416,24,12,Trashcan,Table,Success,16.68215
417,1,3,Piano,,Failure,30
417,2,20,Well,Piano,Success,19.42447
417,3,1,Stove,Well,Success,11.97311
417,4,18,Harp,Telescope,Success,13.5828
417,5,22,Mailbox,Bookshelf,Success,13.64991
417,6,19,Well,Table,Success,13.27197
417,7,7,Plant,Trashcan,Success,10.70599
417,8,12,Trashcan,Table,Success,9.45129
417,9,21,Mailbox,Trashcan,Success,12.76101
417,10,10,Bookshelf,Plant,Success,14.20502
417,11,2,Stove,Wheelbarrow,Success,6.152292
417,12,23,Chair,Piano,Success,12.51701
417,13,17,Harp,Stove,Success,23.13339
417,14,11,Trashcan,Telescope,Success,11.09492
417,15,9,Bookshelf,Stove,Success,9.028196
417,16,6,Table,Chair,Success,13.71567
417,17,13,Telescope,Well,Success,5.963531
417,18,5,Table,Bookshelf,Success,6.475077
417,19,14,Telescope,Wheelbarrow,Success,5.619093
417,20,15,Wheelbarrow,Mailbox,Success,10.68388
417,21,24,Chair,Trashcan,Success,5.707764
417,22,8,Plant,Harp,Success,6.108667
417,23,4,Piano,Harp,Success,14.55895
417,24,16,Wheelbarrow,Plant,Success,14.34918
418,1,12,Trashcan,,Failure,30
418,2,11,Trashcan,Telescope,Success,15.51561
418,3,24,Chair,Trashcan,Success,15.74802
418,4,14,Telescope,Wheelbarrow,Success,15.70428
418,5,7,Plant,Trashcan,Success,13.61642
418,6,21,Mailbox,Trashcan,Success,13.32719
418,7,17,Harp,Stove,Success,14.34966
418,8,13,Telescope,Well,Success,10.83888
418,9,2,Stove,Wheelbarrow,Success,13.39474
418,10,15,Wheelbarrow,Mailbox,Success,10.50652
418,11,1,Stove,Wheelbarrow,Failure,24.16492
418,12,23,Chair,Piano,Success,14.08265
418,13,10,Bookshelf,Plant,Success,7.995947
418,14,19,Well,Table,Success,14.72607
418,15,8,Plant,Harp,Success,15.02606
418,16,22,Mailbox,Bookshelf,Success,11.19543
418,17,6,Table,Chair,Success,9.429131
418,18,9,Bookshelf,Stove,Success,13.42747
418,19,16,Wheelbarrow,Plant,Success,17.03688
418,20,18,Harp,Telescope,Success,14.01636
418,21,5,Table,Bookshelf,Success,6.252769
418,22,20,Well,Piano,Success,19.91213
418,23,3,Piano,Mailbox,Success,13.83747
418,24,4,Piano,Harp,Success,14.23726
440,1,15,Wheelbarrow,Mailbox,Success,13.27133
440,2,24,Chair,Trashcan,Success,19.26678
440,3,13,Telescope,Well,Success,16.84778
440,4,11,Trashcan,Telescope,Success,20.18774
440,5,9,Bookshelf,Stove,Success,20.49017
440,6,19,Well,Table,Success,16.33768
440,7,8,Plant,Harp,Success,8.730146
440,8,14,Telescope,Wheelbarrow,Success,10.10755
440,9,16,Wheelbarrow,Plant,Success,10.41696
440,10,6,Table,Chair,Success,10.47266
440,11,10,Bookshelf,Plant,Success,8.584698
440,12,21,Mailbox,Trashcan,Success,18.15366
440,13,4,Piano,Harp,Success,18.75788
440,14,12,Trashcan,Table,Success,12.29421
440,15,22,Mailbox,Bookshelf,Success,13.37229
440,16,7,Plant,Trashcan,Success,15.19507
440,17,17,Harp,Stove,Success,11.63851
440,18,1,Stove,Well,Success,11.96163
440,19,5,Table,Bookshelf,Success,29.56295
440,20,23,Chair,Piano,Success,19.43459
440,21,2,Stove,Wheelbarrow,Success,10.1517
440,22,3,Piano,Mailbox,Success,15.13421
440,23,20,Well,Piano,Success,9.539925
440,24,18,Harp,Telescope,Success,17.50324
442,1,8,Plant,Harp,Success,10.51702
442,2,9,Bookshelf,Stove,Success,11.12719
442,3,15,Wheelbarrow,Mailbox,Success,24.70986
442,4,23,Chair,Piano,Success,19.89106
442,5,24,Chair,,Failure,30
442,6,14,Telescope,Wheelbarrow,Success,13.09354
442,7,5,Table,Bookshelf,Success,15.08176
442,8,17,Harp,,Failure,30
442,9,16,Wheelbarrow,Plant,Success,23.45633
442,10,18,Harp,Telescope,Success,19.20297
442,11,1,Stove,Well,Success,18.20372
442,12,12,Trashcan,Table,Success,22.21165
442,13,22,Mailbox,Bookshelf,Success,15.06013
442,14,21,Mailbox,Trashcan,Success,10.72853
442,15,7,Plant,Trashcan,Success,12.18285
442,16,2,Stove,,Failure,30
442,17,11,Trashcan,Telescope,Success,14.13692
442,18,10,Bookshelf,Plant,Success,16.25879
442,19,20,Well,Piano,Success,14.49348
442,20,19,Well,,Failure,30
442,21,4,Piano,Harp,Success,13.31539
442,22,3,Piano,Mailbox,Success,20.50201
442,23,13,Telescope,Well,Success,10.06092
442,24,6,Table,Chair,Success,17.99161
419,1,12,Trashcan,Table,Success,10.89481
419,2,4,Piano,Harp,Success,9.719007
419,3,1,Stove,Well,Success,12.32848
419,4,13,Telescope,Well,Success,9.351151
419,5,15,Wheelbarrow,Mailbox,Success,7.497026
419,6,10,Bookshelf,Plant,Success,9.295382
419,7,20,Well,Piano,Success,8.351185
419,8,5,Table,Bookshelf,Success,6.118601
419,9,23,Chair,Piano,Success,12.45713
419,10,7,Plant,Trashcan,Success,9.951084
419,11,3,Piano,Mailbox,Success,13.02649
419,12,22,Mailbox,Bookshelf,Success,10.0286
419,13,16,Wheelbarrow,Plant,Success,6.463522
419,14,18,Harp,Telescope,Success,11.47211
419,15,19,Well,Table,Success,11.45052
419,16,2,Stove,Wheelbarrow,Success,7.87496
419,17,11,Trashcan,Telescope,Success,9.051115
419,18,21,Mailbox,Trashcan,Success,10.71605
419,19,9,Bookshelf,Stove,Success,8.718124
419,20,6,Table,Chair,Success,11.88319
419,21,14,Telescope,Wheelbarrow,Success,8.540909
419,22,8,Plant,Harp,Success,7.762777
419,23,24,Chair,Trashcan,Success,7.363234
419,24,17,Harp,Stove,Success,13.91607
420,1,4,Piano,Harp,Success,27.60943
420,2,18,Harp,Telescope,Success,29.53112
420,3,3,Piano,Mailbox,Success,9.185053
420,4,1,Stove,Well,Success,12.29461
420,5,9,Bookshelf,Stove,Success,14.03748
420,6,16,Wheelbarrow,Plant,Success,12.43844
420,7,8,Plant,Harp,Success,7.829374
420,8,2,Stove,Wheelbarrow,Success,26.90923
420,9,5,Table,Bookshelf,Success,10.15112
420,10,6,Table,Chair,Success,13.87241
420,11,12,Trashcan,Table,Success,12.06074
420,12,20,Well,Piano,Success,12.58259
420,13,11,Trashcan,Telescope,Success,17.71306
420,14,15,Wheelbarrow,Mailbox,Success,11.11604
420,15,21,Mailbox,Trashcan,Success,13.08305
420,16,19,Well,Table,Success,11.39573
420,17,14,Telescope,Wheelbarrow,Success,23.57804
420,18,22,Mailbox,Bookshelf,Success,8.585144
420,19,17,Harp,Stove,Success,8.574587
420,20,13,Telescope,Well,Success,7.929586
420,21,10,Bookshelf,Plant,Success,6.241819
420,22,23,Chair,Piano,Success,6.663996
420,23,24,Chair,Trashcan,Success,12.67258
420,24,7,Plant,Trashcan,Success,6.175161
443,1,10,Bookshelf,Plant,Success,14.99264
443,2,24,Chair,Trashcan,Success,29.15675
443,3,20,Well,Piano,Success,14.76049
443,4,15,Wheelbarrow,Mailbox,Success,9.295942
443,5,2,Stove,,Failure,30
443,6,23,Chair,Piano,Success,13.19432
443,7,14,Telescope,Wheelbarrow,Success,13.39241
443,8,1,Stove,Well,Success,14.60347
443,9,13,Telescope,Well,Success,11.61646
443,10,5,Table,Bookshelf,Success,13.54926
443,11,17,Harp,Stove,Success,9.64011
443,12,6,Table,Chair,Success,8.752373
443,13,16,Wheelbarrow,Plant,Success,12.12791
443,14,18,Harp,Telescope,Success,12.90596
443,15,8,Plant,Harp,Success,14.57075
443,16,11,Trashcan,Telescope,Success,8.372847
443,17,9,Bookshelf,Stove,Success,6.331358
443,18,7,Plant,Trashcan,Success,9.985548
443,19,12,Trashcan,Table,Success,22.70002
443,20,19,Well,Table,Success,21.535
443,21,21,Mailbox,Trashcan,Success,11.96162
443,22,22,Mailbox,Bookshelf,Success,8.773933
443,23,3,Piano,Mailbox,Success,11.99429
443,24,4,Piano,Harp,Success,25.6992
444,1,22,Mailbox,Mailbox,Failure,9.814632
444,2,4,Piano,Harp,Success,26.08744
444,3,8,Plant,Harp,Success,13.05056
444,4,3,Piano,Mailbox,Success,13.10532
444,5,14,Telescope,Wheelbarrow,Success,12.52742
444,6,21,Mailbox,Trashcan,Success,18.11356
444,7,7,Plant,Trashcan,Success,8.796251
444,8,15,Wheelbarrow,Mailbox,Success,12.23856
444,9,11,Trashcan,Telescope,Success,7.851357
444,10,10,Bookshelf,Plant,Success,9.784155
444,11,18,Harp,Telescope,Success,9.218151
444,12,24,Chair,Trashcan,Success,12.82954
444,13,13,Telescope,Well,Success,8.218824
444,14,23,Chair,Piano,Success,12.13879
444,15,2,Stove,Wheelbarrow,Success,6.243113
444,16,5,Table,Bookshelf,Success,7.053186
444,17,17,Harp,Stove,Success,9.893465
444,18,19,Well,Table,Success,24.61156
444,19,1,Stove,Well,Success,9.040934
444,20,12,Trashcan,Table,Success,23.85537
444,21,9,Bookshelf,Stove,Success,7.140413
444,22,6,Table,Chair,Success,11.42835
444,23,16,Wheelbarrow,Plant,Success,18.15662
444,24,20,Well,Plant,Failure,22.56641
445,1,16,Wheelbarrow,,Failure,30
445,2,17,Harp,Stove,Success,19.10109
445,3,18,Harp,Telescope,Success,19.92381
445,4,19,Well,Table,Success,21.68991
445,5,9,Bookshelf,Stove,Success,11.34897
445,6,10,Bookshelf,,Failure,30
445,7,20,Well,Piano,Success,14.80338
445,8,12,Trashcan,Table,Success,12.88336
445,9,15,Wheelbarrow,Mailbox,Success,18.77962
445,10,14,Telescope,,Failure,30
445,11,3,Piano,Mailbox,Success,14.02691
445,12,11,Trashcan,Telescope,Success,11.60528
445,13,21,Mailbox,Trashcan,Success,23.34511
445,14,4,Piano,Harp,Success,27.38686
445,15,1,Stove,Well,Success,16.92556
445,16,22,Mailbox,Bookshelf,Success,24.34175
445,17,5,Table,Bookshelf,Success,9.684441
445,18,8,Plant,Harp,Success,8.196371
445,19,13,Telescope,Well,Success,19.40161
445,20,2,Stove,Wheelbarrow,Success,10.18423
445,21,24,Chair,,Failure,30
445,22,23,Chair,Piano,Success,11.03841
445,23,6,Table,Chair,Success,23.37733
445,24,7,Plant,Trashcan,Success,12.18325
446,1,4,Piano,,Failure,30
446,2,19,Well,,Failure,30
446,3,8,Plant,Harp,Success,14.40457
446,4,12,Trashcan,Table,Success,17.11464
446,5,13,Telescope,Well,Success,6.064043
446,6,15,Wheelbarrow,Mailbox,Success,4.820803
446,7,18,Harp,Telescope,Success,8.507008
446,8,10,Bookshelf,Plant,Success,8.362823
446,9,14,Telescope,Wheelbarrow,Success,11.41622
446,10,2,Stove,Wheelbarrow,Success,9.772888
446,11,16,Wheelbarrow,Plant,Success,6.274418
446,12,23,Chair,Piano,Success,7.873375
446,13,9,Bookshelf,Stove,Success,9.562004
446,14,11,Trashcan,Telescope,Success,6.97451
446,15,24,Chair,Trashcan,Success,5.528713
446,16,22,Mailbox,Bookshelf,Success,8.506311
446,17,5,Table,Bookshelf,Success,5.019796
446,18,7,Plant,Trashcan,Success,7.896467
446,19,21,Mailbox,Trashcan,Success,7.307457
446,20,6,Table,Chair,Success,7.896399
446,21,1,Stove,Well,Success,9.429031
446,22,3,Piano,Mailbox,Success,7.918524
446,23,20,Well,Piano,Success,8.884155
446,24,17,Harp,Stove,Success,6.918718
421,1,11,Trashcan,Telescope,Success,25.25505
421,2,8,Plant,Harp,Success,6.275799
421,3,18,Harp,Telescope,Success,6.717894
421,4,21,Mailbox,Trashcan,Success,8.929226
421,5,9,Bookshelf,Stove,Success,6.730061
421,6,22,Mailbox,Bookshelf,Success,6.974083
421,7,1,Stove,Well,Success,7.973831
421,8,24,Chair,Trashcan,Success,5.752045
421,9,14,Telescope,Wheelbarrow,Success,6.685711
421,10,10,Bookshelf,Plant,Success,7.340935
421,11,4,Piano,Harp,Success,7.184946
421,12,19,Well,Table,Success,7.408508
421,13,3,Piano,Mailbox,Success,9.46228
421,14,6,Table,Chair,Success,8.185163
421,15,5,Table,Bookshelf,Success,5.308449
421,16,13,Telescope,Well,Success,7.329786
421,17,7,Plant,Trashcan,Success,9.551804
421,18,2,Stove,Wheelbarrow,Success,8.939625
421,19,12,Trashcan,Table,Success,6.341312
421,20,15,Wheelbarrow,Mailbox,Success,10.47281
421,21,16,Wheelbarrow,Plant,Success,9.450552
421,22,20,Well,Piano,Success,7.229723
421,23,17,Harp,Stove,Success,10.29597
421,24,23,Chair,Piano,Success,7.995468
447,1,18,Harp,,Failure,30
447,2,9,Bookshelf,Stove,Success,29.38646
447,3,7,Plant,Trashcan,Success,15.64842
447,4,2,Stove,Wheelbarrow,Success,7.575132
447,5,15,Wheelbarrow,Mailbox,Success,15.8375
447,6,22,Mailbox,,Failure,30
447,7,21,Mailbox,Trashcan,Success,17.00295
447,8,16,Wheelbarrow,Plant,Success,7.317728
447,9,24,Chair,Trashcan,Success,5.463949
447,10,8,Plant,Harp,Success,11.38376
447,11,11,Trashcan,Telescope,Success,14.58047
447,12,17,Harp,Stove,Success,10.66166
447,13,6,Table,Chair,Success,22.3443
447,14,20,Well,Piano,Success,16.23763
447,15,5,Table,Bookshelf,Success,29.51937
447,16,19,Well,Table,Success,25.53333
447,17,3,Piano,Mailbox,Success,12.30562
447,18,4,Piano,,Failure,30
447,19,23,Chair,Piano,Success,10.01706
447,20,13,Telescope,Well,Success,9.462507
447,21,12,Trashcan,Table,Success,14.81524
447,22,1,Stove,Well,Success,14.6276
447,23,14,Telescope,,Failure,30
447,24,10,Bookshelf,Piano,Failure,20.3798
422,1,6,Table,Chair,Success,13.91473
422,2,21,Mailbox,Trashcan,Success,11.22727
422,3,15,Wheelbarrow,Mailbox,Success,5.464123
422,4,20,Well,Piano,Success,10.25076
422,5,18,Harp,Telescope,Success,7.518671
422,6,9,Bookshelf,Stove,Success,7.896172
422,7,13,Telescope,Well,Success,8.441164
422,8,22,Mailbox,Bookshelf,Success,9.940529
422,9,7,Plant,Trashcan,Success,11.58343
422,10,5,Table,Bookshelf,Success,7.764126
422,11,1,Stove,Well,Success,10.99453
422,12,24,Chair,Trashcan,Success,7.751457
422,13,3,Piano,Mailbox,Success,10.47209
422,14,11,Trashcan,Telescope,Success,8.063387
422,15,12,Trashcan,Table,Success,8.196589
422,16,17,Harp,Stove,Success,8.507008
422,17,2,Stove,Wheelbarrow,Success,6.519409
422,18,23,Chair,Piano,Success,7.974297
422,19,14,Telescope,Wheelbarrow,Success,6.81889
422,20,8,Plant,Harp,Success,8.551588
422,21,4,Piano,Harp,Success,7.073782
422,22,10,Bookshelf,Plant,Success,8.15122
422,23,16,Wheelbarrow,Plant,Success,5.31982
422,24,19,Well,Table,Success,9.31847
448,1,9,Bookshelf,Stove,Success,15.35794
448,2,24,Chair,Trashcan,Success,10.35145
448,3,11,Trashcan,Telescope,Success,23.27782
448,4,8,Plant,Harp,Success,29.61815
448,5,18,Harp,Telescope,Success,9.395969
448,6,19,Well,Table,Success,23.93355
448,7,6,Table,Chair,Success,21.15696
448,8,4,Piano,Harp,Success,12.20508
448,9,21,Mailbox,Trashcan,Success,17.95905
448,10,10,Bookshelf,Plant,Success,15.71482
448,11,7,Plant,Trashcan,Success,16.21476
448,12,12,Trashcan,Table,Success,15.80417
448,13,15,Wheelbarrow,Mailbox,Success,9.895357
448,14,5,Table,Bookshelf,Success,9.039118
448,15,3,Piano,Mailbox,Success,14.88215
448,16,16,Wheelbarrow,Plant,Success,9.840126
448,17,22,Mailbox,Bookshelf,Success,10.45045
448,18,20,Well,Piano,Success,15.10428
448,19,1,Stove,Well,Success,13.70362
448,20,13,Telescope,Well,Success,17.32518
448,21,14,Telescope,Wheelbarrow,Success,13.75002
448,22,23,Chair,Piano,Success,12.63816
448,23,17,Harp,Stove,Success,9.705648
448,24,2,Stove,Wheelbarrow,Success,10.73943
423,1,14,Telescope,Wheelbarrow,Success,29.26346
423,2,13,Telescope,Well,Success,15.04935
423,3,24,Chair,Trashcan,Success,13.88309
423,4,10,Bookshelf,Plant,Success,15.26911
423,5,20,Well,Piano,Success,16.52599
423,6,22,Mailbox,Bookshelf,Success,15.25931
423,7,11,Trashcan,Telescope,Success,13.63815
423,8,18,Harp,Telescope,Success,18.73563
423,9,3,Piano,,Failure,30
423,10,6,Table,Chair,Success,14.55951
423,11,5,Table,Bookshelf,Success,13.50466
423,12,16,Wheelbarrow,Plant,Success,11.45129
423,13,19,Well,Table,Success,15.61596
423,14,17,Harp,Stove,Success,15.20354
423,15,4,Piano,Harp,Success,11.27098
423,16,15,Wheelbarrow,Mailbox,Success,8.374411
423,17,8,Plant,Harp,Success,10.62977
423,18,9,Bookshelf,Stove,Success,11.49413
423,19,1,Stove,Well,Success,13.92814
423,20,2,Stove,Wheelbarrow,Success,13.41591
423,21,21,Mailbox,Trashcan,Success,14.65983
423,22,7,Plant,Trashcan,Success,14.49391
423,23,23,Chair,Piano,Success,15.24847
423,24,12,Trashcan,Table,Success,12.71595
424,1,1,Stove,Well,Success,14.03821
424,2,23,Chair,Piano,Success,9.728714
424,3,14,Telescope,Wheelbarrow,Success,8.528215
424,4,15,Wheelbarrow,Mailbox,Success,7.475149
424,5,22,Mailbox,Bookshelf,Success,10.69522
424,6,19,Well,Table,Success,8.251402
424,7,5,Table,Bookshelf,Success,5.386763
424,8,8,Plant,Harp,Success,8.763075
424,9,12,Trashcan,Table,Success,7.863541
424,10,16,Wheelbarrow,Plant,Success,10.36143
424,11,20,Well,Piano,Success,6.773613
424,12,2,Stove,Wheelbarrow,Success,6.798365
424,13,3,Piano,Mailbox,Success,8.895351
424,14,6,Table,Chair,Success,9.706903
424,15,9,Bookshelf,Stove,Success,7.984783
424,16,21,Mailbox,Trashcan,Success,8.505966
424,17,11,Trashcan,Telescope,Success,6.896481
424,18,18,Harp,Telescope,Success,5.707773
424,19,10,Bookshelf,Plant,Success,7.529987
424,20,13,Telescope,Well,Success,6.973989
424,21,17,Harp,Stove,Success,8.729856
424,22,7,Plant,Trashcan,Success,8.418217
424,23,24,Chair,Trashcan,Success,6.440409
424,24,4,Piano,Harp,Success,9.15131
449,1,19,Well,Table,Success,14.96021
449,2,1,Stove,Well,Success,16.8595
449,3,18,Harp,Telescope,Success,11.36267
449,4,9,Bookshelf,Stove,Success,7.784941
449,5,23,Chair,Piano,Success,8.395733
449,6,13,Telescope,Well,Success,7.541756
449,7,10,Bookshelf,Plant,Success,7.585114
449,8,3,Piano,Mailbox,Success,9.44109
449,9,16,Wheelbarrow,Plant,Success,5.174276
449,10,5,Table,Bookshelf,Success,5.852135
449,11,15,Wheelbarrow,Mailbox,Success,4.975559
449,12,11,Trashcan,Telescope,Success,7.130322
449,13,6,Table,Chair,Success,9.995316
449,14,17,Harp,Stove,Success,8.818365
449,15,4,Piano,Harp,Success,5.800928
449,16,22,Mailbox,Bookshelf,Success,6.685575
449,17,2,Stove,Wheelbarrow,Success,6.997326
449,18,7,Plant,Trashcan,Success,8.485304
449,19,21,Mailbox,Trashcan,Success,8.717903
449,20,12,Trashcan,Table,Success,6.407988
449,21,14,Telescope,Wheelbarrow,Success,5.886347
449,22,20,Well,Piano,Success,7.019005
449,23,24,Chair,Trashcan,Success,5.640568
449,24,8,Plant,Harp,Success,6.108059
450,1,22,Mailbox,Bookshelf,Success,15.60262
450,2,21,Mailbox,Trashcan,Success,17.99215
450,3,12,Trashcan,,Failure,30
450,4,15,Wheelbarrow,Mailbox,Success,17.48158
450,5,3,Piano,Mailbox,Success,14.24846
450,6,18,Harp,Telescope,Success,26.64215
450,7,7,Plant,Trashcan,Success,13.33824
450,8,23,Chair,,Failure,30
450,9,16,Wheelbarrow,Plant,Success,22.12203
450,10,24,Chair,Trashcan,Success,8.763191
450,11,9,Bookshelf,Stove,Success,17.55866
450,12,6,Table,Chair,Success,11.52889
450,13,5,Table,Bookshelf,Success,8.039644
450,14,11,Trashcan,Telescope,Success,14.22596
450,15,20,Well,Piano,Success,11.03893
450,16,2,Stove,Wheelbarrow,Success,7.495533
450,17,10,Bookshelf,Plant,Success,16.64745
450,18,1,Stove,Well,Success,13.06146
450,19,17,Harp,Stove,Success,16.09288
450,20,13,Telescope,Well,Success,15.56986
450,21,4,Piano,,Failure,30
450,22,19,Well,Table,Success,16.52575
450,23,14,Telescope,Wheelbarrow,Success,8.163048
450,24,8,Plant,Harp,Success,9.262276
451,1,1,Stove,,Failure,30
451,2,9,Bookshelf,Stove,Success,29.3625
451,3,11,Trashcan,Telescope,Success,26.70957
451,4,24,Chair,Trashcan,Success,21.95074
451,5,6,Table,Chair,Success,8.928118
451,6,14,Telescope,Wheelbarrow,Success,14.14885
451,7,7,Plant,Trashcan,Success,13.94905
451,8,22,Mailbox,,Failure,30
451,9,10,Bookshelf,Plant,Success,17.22516
451,10,21,Mailbox,Trashcan,Success,17.5806
451,11,4,Piano,,Failure,30
451,12,3,Piano,Mailbox,Success,15.24873
451,13,16,Wheelbarrow,Plant,Success,25.72115
451,14,13,Telescope,Well,Success,20.46824
451,15,17,Harp,,Failure,30
451,16,23,Chair,Piano,Success,13.51608
451,17,20,Well,Piano,Success,8.807266
451,18,15,Wheelbarrow,Mailbox,Success,9.850435
451,19,19,Well,Table,Success,13.67096
451,20,8,Plant,Harp,Success,12.49252
451,21,18,Harp,Telescope,Success,12.02794
451,22,5,Table,Bookshelf,Success,9.662388
451,23,12,Trashcan,Table,Success,9.606852
451,24,2,Stove,Wheelbarrow,Success,13.47232
